name,price,sum(positive_ratings)
"Tango Fiesta",6.99,4370
"Fritz Chess 14",29.99,4320
"Mordheim: City of the Damned",29.99,3596
Dwelvers,11.39,2235
"FATE: Undiscovered Realms",5.59,2875
"Return to Mysterious Island",5.59,2368
"Return to Mysterious Island 2",5.59,3080
VIDEOBALL,6.99,2650
"Halo: Spartan Assault",1.99,2797
"Imperial Glory",3.99,1800
Praetorians,3.99,1011
"The Book of Legends",10.99,3097
"Battle Group 2",5.59,704
"Farming World",3.99,2425
"Shiny The Firefly",6.99,4134
"Albedo: Eyes from Outer Space",10.99,2751
"Tales From The Dragon Mountain: The Strix",2.9,4944
"Assassin's Creed Freedom Cry",12.49,853
"Panzer Tactics HD",6.99,2790
"Kult: Heretic Kingdoms",3.99,3800
"About Love Hate and the other ones",4.99,553
"On Rusty Trails",9.99,3614
Sportsfriends,10.99,5480
"Diehard Dungeon",3.99,981
"Shantae: Risky's Revenge - Director's Cut",6.99,1698
"Mars Colony:Challenger",3.99,3996
"DYNASTY WARRIORS 8: Xtreme Legends Complete Edition",39.99,4596
"RIVE: Wreck Hack Die Retry!",10.99,1194
"A Story About My Uncle",9.99,17924
"Spider: Rite of the Shrouded Moon",6.99,2990
0RBITALIS,6.99,2483
Skyborn,10.99,1331
"Aveyond 3-2: Gates of Night",6.99,3575
"JUDGEMENT SILVERSWORD - Resurrection -",3.99,5125
"3 Stars of Destiny",10.99,3080
"A-Train 9 V4.0 : Japan Rail Simulator",44.99,3760
"Labyrinthine Dreams",1.59,1582
"Heroes of Legionwood",4.99,4997
TinyKeep,7.19,2860
"Terrian Saga: KR-17",3.99,2366
"LA Cops",10.99,4131
"Spaceforce Homeworld",3.99,2244
Angvik,2.9,1439
"GIGANTIC ARMY",4.79,2772
"Digger Online",6.99,8700
"9th Dawn II",1.49,3069
"Making History: The Great War",22.99,2331
"Ultionus: A Tale of Petty Revenge",4.99,3340
"Richard & Alice",4.79,1848
"Gardens Inc. â€“ From Rakes to Riches",6.99,3504
"Joe Dever's Lone Wolf HD Remastered",10.99,1176
"IHF Handball Challenge 14",6.99,5184
"Nicolas Eymerich - The Inquisitor - Book 1 : The Plague",3.99,4128
"Pretentious Game",1.59,1540
"Dracula 4 and  5 - Special Steam Edition",5.59,4896
"Devil's Dare",9.99,3700
"The Troma Project",4.99,2331
"The I of the Dragon",4.99,1372
"3D ParticleGen Visual FX",6.99,5202
"Grim Legends 2: Song of the Dark Swan",6.99,2283
"Soul Axiom",14.99,2304
"Infinity Runner",4.99,3900
"The Book of Unwritten Tales 2",24.99,2248
"Bridge Constructor Playground",6.99,2242
Gunjitsu,2.79,2172
"A Wizard's Lizard",6.99,2280
Aragami,14.99,3815
Hover,14.99,1144
Eterium,3.99,3959
"Creeper World 3: Arc Eternal",11.39,2347
"Adventurer Manager",3.99,1605
"Uprising44: The Silent Shadows",1.59,4816
Pulstar,1.59,3534
KRUNCH,6.99,5376
Crea,10.99,3168
"GhostControl Inc.",10.99,3348
"Danmaku Unlimited 2",3.99,2920
"BloodLust Shadowhunter",9.99,666
Krita,6.99,2261
"Imagine Earth",15.49,3136
Creativerse,0,19114
"Foosball - Street Edition",3.99,2159
"Battlepillars Gold Edition",3.99,2772
"Reversion - The Meeting (2nd Chapter)",3.99,2400
"A Boy and His Blob",6.99,1012
"BloodRayne Betrayal",6.99,1377
"Adventure Chronicles: The Search For Lost Treasure",3.99,4116
"Desert Gunner",1.99,4669
"Real Horror Stories Ultimate Edition",1.59,1018
Clans,1.99,3744
"Disciples Sacred Lands Gold",5.59,2996
"Wings Over Europe",6.99,3652
"Homeworld: Deserts of Kharak",29.99,2734
"The Banner Saga 2",18.74,1670
Munin,3.99,2270
Explodemon,6.99,4050
RefleX,5.59,2385
"Splatter - Zombie Apocalypse",0.79,1858
"Woolfe - The Red Hood Diaries",6.99,4416
Stellaris,34.99,35327
"Carmageddon 2: Carpocalypse Now",5.99,1528
"MX vs. ATV Supercross Encore",24.99,1410
"This War of Mine",14.99,47258
"Fearless Fantasy",4.99,3104
SOMA,22.99,16463
"Sid Meier's Starships",10.99,881
"SuperPower 2 Steam Edition",8.99,1296
"Quake Liveâ„¢",6.99,10227
"Castlevania: Lords of Shadow - Mirror of Fate HD",9.99,836
"RollerCoaster Tycoon Worldâ„¢",10.99,2364
"Star Ruler 2",19.49,994
"Easyâ„¢ eSports",0,3992
"Warring States",14.49,3408
Circuits,3.99,1801
"100% Orange Juice",4.99,10605
"FaeVerse Alchemy",0,2925
"Hyperdimension Neptunia Re;Birth1",19.49,9138
"Strategic War in Europe",10.99,3240
"The Campaign Series: Fall Weiss",10.99,4738
"Lucent Heart",0,2040
"Super Chibi Knight",3.99,1816
"Colonies Online",10.99,3000
"House of the Dying Sun",14.99,1998
"The Samaritan Paradox",4.99,2472
"Spoiler Alert",1.99,4215
"Nosferatu: The Wrath of Malachi",2.09,1880
"Desert Thunder",2.09,3120
"Eurofighter Typhoon",2.09,4554
"Marine Sharpshooter II: Jungle Warfare",2.09,2052
"Incoming Forces",2.09,4650
"CT Special Forces: Fire for Effect",2.09,3434
"Litil Divil",2.09,2211
Zooloretto,2.09,5239
"The Secret Of Hildegards",2.09,4608
"World of Subways 3 â€“ London Underground Circle Line",13.5,2563
"Salt and Sanctuary",13.59,7173
"Rabbit Hole 3D: Steam Edition",2.09,1990
"Astebreed: Definitive Edition",15.49,1104
"ALLTYNEX Second",5.59,2975
"Heroine's Quest: The Herald of Ragnarok",0,3500
"Putt-Putt Joins the Parade",4.99,1647
"Freddi Fish and the Case of the Missing Kelp Seeds",4.99,2880
"Pajama Sam: No Need to Hide When It's Dark Outside",4.99,2900
"Spy Fox in "Dry Cereal"""",4.99,3612
Sanitarium,6.99,2552
"Unclaimed World",13.99,3696
BeamNG.drive,18.99,15168
"Diadra Empty",4.79,3920
Maize,14.99,2092
PANORAMICAL,6.99,2448
"The Last Door - Collector's Edition",6.99,1284
DeadCore,7.99,1465
"Abyss: The Wraiths of Eden",6.99,1810
"Dark Arcana: The Carnival",6.99,826
"Enigmatis: The Ghosts of Maple Creek",6.99,690
"Enigmatis 2: The Mists of Ravenwood",6.99,2616
"Nightmares from the Deep 2: The Siren`s Call",6.99,1683
"Nightmares from the Deep 3: Davy Jones",6.99,3066
"Clockwork Tales: Of Glass and Ink",6.99,1470
"Grim Legends: The Forsaken Bride",6.99,1756
"9 Clues: The Secret of Serpent Creek",6.99,1774
"Left in the Dark: No One on Board",6.99,1492
"Purgatory: War of the Damned",9.99,4374
"Speed Kills",6.99,2068
"Pixel Puzzles: Japan",4.99,1870
Solarix,14.99,1984
GearCity,15.99,1542
"Battleplan: American Civil War",6.99,3224
"Warhammer 40000: Dawn of War III",29.99,6793
"RollerCoaster Tycoon: Deluxe",4.79,6098
"RollerCoaster Tycoon 2: Triple Thrill Pack",6.99,4172
"Kingdom Elemental",2.79,4776
"On The Road",16.3,2821
"Crimzon Clover WORLD IGNITION",6.99,3159
"The Entente Gold",1.59,2343
"Hard Truck Apocalypse / Ex Machina",5.59,1992
"Sledgehammer / Gear Grinder",5.59,2928
"Galactic Command Echo Squad SE",6.99,1448
"Kitty Powers' Matchmaker",6.99,588
Braveland,3.99,1517
"Action Henk",10.99,1112
"Enemy Mind",6.99,641
"Gang Beasts",14.99,13439
TerraTech,19.99,4769
"Tooth and Tail",14.99,1989
"Dead Effect",3.99,2177
"You Have to Win the Game",0,5005
QuestRun,2.09,1257
Eidolon,11,2484
"Tabletop Simulator",14.99,13243
ReignMaker,10.99,3154
"Dog Sled Saga",5.79,1192
"fault - milestone one",10.99,2436
"Steel Armor: Blaze of War",22.99,2184
"Algo Bot",7.19,3927
Oknytt,3.99,786
FarSky,3.99,2571
"Shadows on the Vatican Act I: Greed",4.99,1920
Strata,5.79,2511
"Rover Rescue",3.99,4752
"Black Mirror II",6.99,3500
"Black Mirror III",6.99,2079
"Nearwood - Collector's Edition",6.99,1498
"F1 2015",29.99,3834
"Avoid - Sensory Overload",3.99,2156
"Metro 2033 Redux",14.99,28179
Gunship!,4.99,4680
"Zoo Empire",4.99,4522
"Shadow Ops: Red Mercury",4.99,3588
"Falcon A.T.",4.99,3720
"Hard Truck Apocalypse: Rise Of Clans / Ex Machina: Meridian 113",4.79,1416
"Disney Planes",15.49,4872
"S.K.I.L.L. - Special Force 2 (Shooter)",0,7344
Harvester,4.79,4568
"Battle Academy",10.99,1806
"Chaos Domain",6.99,1944
"Ionball 2: Ionstorm",2.99,1756
"Wildlife Park 3",6.99,2112
"Toybox Turbos",11.99,889
"Resident Evil Revelations 2 / Biohazard Revelations 2",4.99,9049
"Metro: Last Light Redux",14.99,23483
"Rise of Nations: Extended Edition",14.99,5125
"Pandora: First Contact",22.99,3310
"The Council",25.99,2392
"METAL GEAR SOLID V: THE PHANTOM PAIN",24.99,38643
"Nostradamus: The Last Prophecy",3.99,3864
"The Witch's Yarn",6.99,3198
"TY the Tasmanian Tiger 4",4.79,1860
"Pro Pinball Ultra",9.99,3042
"Mortal Online",0,1362
Yomi,10.99,2728
"Mini Metro",6.99,7464
"Oncoming Death Steam Edition",3.99,3472
"Rex Rocket",3.99,1690
"Actual Sunlight",3.99,728
"Whispering Willows",6.99,1564
MechRunner,5.19,4983
Dungeonmans,10.99,2600
"Jack Nicklaus Perfect Golf",26.99,4100
"The Room",3.99,10206
"Backstage Pass",23.79,3077
"Conflicks - Revolutionary Space Battles",4.99,2280
"Fable Anniversary",26.99,8072
"Black Rainbow",4.99,5060
"Hotel Collectors Edition",4.99,4438
"Haunted Past: Realm of Ghosts",3.99,2449
"Pineview Drive",14.99,1686
"The Charnel House Trilogy",4.79,1524
"Sid Meierâ€™s Civilization VI",49.99,39127
Ampu-Tea,3.99,2570
"Endless Legendâ„¢",22.99,10015
"A.I.M.2 Clan Wars",1.99,1971
"Ascension to the Throne",1.99,3075
"Perimeter: Emperor's Testament",2.79,4460
"El Matador",2.79,3360
"Faces of War",3.99,1455
"Fairy Tale About Father Frost Ivan and Nastya",1.99,4576
"Konung 2",1.99,3234
"Parkan 2",2.79,2567
"Planet Alcatraz",2.79,2760
Perimeter,2.79,3045
"RC Cars",1.99,2774
"The Tomorrow War",1.99,4270
"King's Bounty: Dark Side",9.99,1256
"Aggression: Europe Under Fire",6.99,4592
Collapse,14.99,3420
"Assassin's Creed Unity",25.99,12350
"LARA CROFT AND THE TEMPLE OF OSIRISâ„¢",14.99,696
ROCKETSROCKETSROCKETS,4.99,1293
"762 High Calibre",3.99,2398
"TransOcean: The Shipping Company",17.99,584
"Construction Simulator 2015",10.99,2519
DubWars,6.99,4488
LogicBots,14.99,2398
"Life is Feudal: Your Own",15.49,6167
Sokobond,6.99,2023
Volt,0.79,2436
"Rebel Galaxy",14.99,5100
"Project Temporality",10.99,2555
Armello,14.99,7208
Micron,2.09,1833
"Legionwood 2: Rise of the Eternal's Realm - Director's Cut",4.79,4509
Clandestine,14.99,1764
"My Lands: Black Gem Hunting",0,2770
"The Fall",6.99,2784
"Grey Goo",22.99,2342
"You Must Build A Boat",3.99,1226
Slip,0.79,1440
"Akane the Kunoichi",2.09,652
"Motte Island",3.99,3876
Duelyst,0,3469
Warface,0,32751
Brawlhalla,0,73268
"Mirror Mysteries",3.99,2624
"Pillars of Eternity",22.99,11558
"Empathy: Path of Whispers",14.99,3591
"The Lost Crown",6.99,1800
"Pit People",15.49,5027
"Firefighters 2014",17.99,1960
"Industry Empire",8.99,3710
"The Witcher 3: Wild Hunt",24.99,202930
"Titanfall - The Final Hours",1.59,2538
"FINAL FANTASY XIII",10.99,7016
"FINAL FANTASY XIII-2",12.99,1843
"Crazy Plant Shop",3.99,1780
"Game Character Hub",10.99,2548
"Spy Fox 3 "Operation Ozone"""",4.99,3132
"Spy Fox In: Cheese Chase",3.99,5040
"Racer 8",3.99,608
"Realms of the Haunting",2.09,1435
Unrest,7.19,2530
"Street Racing Syndicate",2.09,3772
"Kero Blaster",6.99,1629
"Chompy Chomp Chomp",1.69,1795
Duet,3.99,1830
"Uriel's Chasm",3.99,2350
"Princess Isabella",3.99,3015
"Call of Duty: Infinite Warfare",39.99,7821
"Pajama Sam 2: Thunder And Lightning Aren't So Frightening",4.99,2541
"Pajama Sam's Sock Works",3.99,4290
"Deponia: The Complete Journey",25.99,2552
"Black Mirror I",6.99,936
"Overcast - Walden and the Werewolf",0.79,1570
"H-Hour: World's Elite",10.29,2490
Cosmochoria,6.99,2005
"Card Hunter",0,3146
"The Good Life",6.99,2772
"Epic Space",23.79,4900
"Elliot Quest",7.19,3051
"Carnivores: Dinosaur Hunter Reborn",10.99,2160
"Guns and Robots",0,1129
"TRI: Of Friendship and Madness",12.99,690
"Automation - The Car Company Tycoon Game",22.99,1529
Crawl,10.99,3757
"Kill The Bad Guy",6.99,2100
"Knight Squad",10.99,2761
"Merchants of Kaidan",10.99,1485
"Loot Hero DX",2.09,980
"Aaru's Awakening",10.99,3784
RimWorld,27.79,38556
"They Breathe",1.59,856
"Galcon 2: Galactic Conquest",0,656
Millie,2.79,1002
"Scooby Doo! & Looney Tunes Cartoon Universe: Adventure",14.99,5054
Crowntakers,6.99,2226
Shadowgate,10.99,1407
"Putt-Putt Saves The Zoo",4.99,1998
"Putt-Putt Travels Through Time",4.99,2508
"BlazBlue: Continuum Shift Extend",14.99,1996
RECYCLE,8.99,2492
"Valkyria Chroniclesâ„¢",14.99,8862
"Royal Quest",0,2499
"Hero Generations",4.79,2052
"Hive Jump",14.99,1075
"PARTICLE MACE",7.19,1178
"Darkwind: War on Wheels",0,1870
"Sweezy Gunner",2.79,3128
"The Floor is Jelly",6.99,1505
"Rogue Shooter: The FPS Roguelike",3.99,2313
"Never Alone (Kisima Ingitchuna)",11.99,5175
"The Dungeoning",2.89,4108
Battlepaths,1.99,535
"MIND: Path to Thalamus Enhanced Edition",9.29,2517
"Farm Frenzy 4",4.99,1596
"The Promised Land",4.99,898
"Ballistic Overkill",8.99,4645
"Mount Your Friends",10.99,6341
"GemCraft - Chasing Shadows",6.99,2179
"Lords of Xulima",14.99,770
Monstrum,11.99,2902
Viktor,5.59,2829
"Real Boxingâ„¢",3.99,2636
"Lucius II",14.99,1586
"Dreaming Sarah",4.79,1686
8BitBoyâ„¢,9.29,1342
"Renowned Explorers: International Society",14.99,2013
"Heroes of Might & Magic III - HD Edition",12.49,4673
"The Culling Of The Cows",7.19,2400
"Freaking Meatbags",7.99,1764
"Cosmic DJ",1.99,3680
"Heavy Bullets",6.99,951
"Titan Souls",10.99,3556
Famaze,0,1108
"Pro Wrestling X",6.99,2940
"The Old City: Leviathan",4.79,1804
"Xsyon - Prelude",22.99,1484
"Spy Chameleon - RGB Agent",3.99,2684
"Monsters Ate My Birthday Cake",5.59,3328
Split/Second,15.49,1434
"Total Annihilation",3.99,1274
"Master of Orion",22.99,2961
"Far Cry 4",25.99,17082
Eldevin,0,3270
"The Desolate Hope",0,3760
"Terraformer Expedition to Mars",18.99,5115
"Red Crucible: Firestorm",0,4795
"Only If",0,3752
"Immortal Defense",6.99,3480
"Victory At Sea",17.49,2853
"Orbital Gear",5.99,1488
"Lovely Planet",4.79,2092
Ylands,13,5700
"The Escapists",12.99,11629
"Darkness Within 1: In Pursuit of Loath Nolder",5.59,2200
"Blood: One Unit Whole Blood",3.99,2050
"Cosplay Maker",7.19,5239
"Theatre Of The Absurd",3.99,2145
"Millionaire Manor",3.99,4953
"European Ship Simulator",14.99,1768
"Commando Jack",5.79,1315
"Block N Load",0,10856
CubeGun,0,1930
"Woodle Tree Adventures",1.99,3824
"Rogue Stormers",14.99,2392
"International Snooker",9.99,2430
"Heroes Rise: The Prodigy",2.89,2448
"Dragon Fin Soup",14.99,3792
"6180 the moon",2.79,2418
Tengami,3.99,3072
"Terrorhedron Tower Defense",0.79,937
Miscreated,19.49,17255
"GET EVEN",24.99,2420
"Divine Souls F2P MMO",0,2646
ADR1FT,14.99,1558
"Total War Battles: KINGDOM",0,1692
"Victim of Xen",2.99,1590
Ichi,3.99,3102
"Road Redemption",14.99,4788
"Shadowrun: Dragonfall - Director's Cut",10.99,3488
Infinifactory,18.99,1511
JUJU,14.99,2898
"Eastside Hockey Manager",14.99,1446
"Frederic: Resurrection of Music",1.99,2145
"Frederic: Evil Strikes Back",5.59,1184
"Chicken Invaders 4",3.99,2169
"NoLimits 2 Roller Coaster Simulation",27.99,402
Robocraft,0,80360
"openCanvas 6",29.99,1596
"Zombie Army Trilogy",29.99,8472
"Battlezone 98 Redux",14.99,515
"Cobi Treasure Deluxe",1.99,3306
"RADical ROACH Remastered",2.09,2164
"City of Brass",15.49,3204
Submerged,14.99,2223
"Saints Row: Gat out of Hell",10.99,5203
Screencheat,11.39,3471
"Bus Driver",5.59,923
"Chernobyl Commando",6.99,2185
Manhunter,3.99,1603
"Floating Point",0,3262
"Ballad of Solar",4.99,2684
"Ryse: Son of Rome",11.99,14966
"Of Guards And Thieves",0,2432
"Boson X",1.99,1288
"Call to Arms",0,5787
"Metal Dead",3.99,2226
BlazeRush,6.99,925
"BLOCKADE 3D",0,15821
"The Beginner's Guide",6.99,12791
OZMAFIA!!,26.99,2065
"Dead Bits",0.79,4845
Roundabout,6.99,1275
"Adventures of Pip",10.99,3520
"Hidden in Plain Sight",4.79,1200
"FATE: The Traitor Soul",5.59,3216
"Faery - Legends of Avalon",6.99,2214
"The Witcher Adventure Game",6.99,1276
CAPSULE,3.99,2625
ArcheAge,0,3195
Trove,0,47897
"Resident Evil / biohazard HD REMASTER",15.99,6313
"Wildlife Park 2",4.99,2470
"FOR HONORâ„¢",12.49,34790
"Hexcells Infinite",3.99,3894
INSIDE,14.99,19660
"Agents of Mayhem",26.99,1808
"SUNLESS SEA",13.99,5331
Unturned,0,292574
"Castaway Paradise - Town Building Sim",9.99,1212
"Battle Islands",0,2565
"Blue Estate The Game",9.99,1068
"The Long Dark",23.79,45856
"Shattered Planet",11.39,2848
"Project AURA",11.99,1158
"Dragon: The Game",13.59,2177
"Bloons TD 5",6.99,3808
"The Howler",0,1604
"The Elder Scrolls Online",14.99,33719
"Crystals of Time",0.79,1208
"Ultimate General: Gettysburg",10.99,1896
Obduction,23.99,1807
"Shan Gui (å±±æ¡‚)",0.79,1635
"Fancy Skulls",5.99,3120
"We Need To Go Deeper",6.99,2804
"I Zombie",1.59,3470
"Velvet Sundown",0,2298
Platypus,4.99,1120
Technobabylon,10.99,812
"Hard West",14.99,2113
"Sleeping Dogs: Definitive Edition",19.99,15529
"Mortal Kombat X",15.99,21484
"Savage Lands",7.19,3196
"IL-2 Sturmovik: Battle of Stalingrad",39.99,1571
"Back to Bed",4.49,2994
"Black The Fall",10.99,1246
"Altitude0: Lower & Faster",13.99,2656
Ziggurat,10.99,2675
Orborun,4.79,1620
"Knights of Pen and Paper 2",5.59,2736
"Hatoful Boyfriend",6.99,5235
"NS2: Combat",0,2688
"Higurashi When They Cry Hou - Ch.1 Onikakushi",4.79,1383
"The Way of Life Free Edition",0,5251
"Grand Ages: Medieval",14.99,705
"DiRT Rally",24.99,17632
"Super Win the Game",5.59,3066
"NEON STRUCT",11.99,2880
"Geometry Warsâ„¢ 3: Dimensions Evolved",11.99,910
"Onikira - Demon Killer",10.59,2600
"Breach & Clear: Deadline Rebirth (2016)",6.99,1620
"Street Fighter V",15.99,8300
"The Way",10.99,1212
"Rulers of Nations",14.99,3087
"Super Panda Adventures",3.99,2037
"Call of Duty: Black Ops III",44.99,36255
"Zero Escape: Zero Time Dilemma",15.49,1382
"The Guild 3",24.99,2514
"SpellForce 3",39.99,2024
"Naval Action",29.99,3117
"METAL GEAR SOLID V: GROUND ZEROES",16.99,7953
"Vertical Drop Heroes HD",4.99,569
"Assassinâ€™s Creed Rogue",16.99,4303
"Enter the Gungeon",10.99,24947
Sproggiwood,10.99,1464
"DEAD OR ALIVE 5 Last Round: Core Fighters",0,4659
"LEGO Pirates of the Caribbean: The Video Game",15.49,870
"Super Trench Attack!",3.99,992
"Wild Warfare",0,712
"The Fifth Day",10.99,1185
"Spirits of Xanadu",3.99,1666
"Simply Chess",0,1456
"Commander: The Great War",22.99,2565
"Warhammer 40000: Armageddon",29.99,1374
"Order of Battle: World War II",0,1602
"Duck Game",9.99,16769
"Ys VI: The Ark of Napishtim",13.99,1284
"METAL SLUG X",5.59,1544
"Battlezone Gold Edition",29.99,2254
"Sniper Elite 4",39.99,10885
"Strange Brigade",39.99,2658
"FINAL FANTASY IV",10.99,877
"Way of the Samurai 4",18.99,2781
"Fahrenheit: Indigo Prophecy Remastered",6.99,4812
"My Ex-Boyfriend the Space Tyrant",10.99,2888
"Graviteam Tactics: Mius-Front",26.99,1355
"The Expendabros",0,15084
"Cities XXL",7.49,2875
"Soul Gambler",1.99,2089
"The Masterplan",14.99,1860
"Stranded Deep",10.99,15604
"Blackbay Asylum",14.99,2904
"Farming Simulator 15",15.49,10219
"Alpha Zylon",3.99,3116
Mountain,0.79,10936
"Blitzkrieg Anthology",3.99,1980
"Blitzkrieg 2 Anthology",3.99,1776
"Boo Bunny Plague",1.59,1782
"The Solus Project",14.99,1776
"LEGO Batmanâ„¢ 3: Beyond Gotham",19.99,2269
"Sunrider: Mask of Arcadius",0,2375
"Sakura Spirit",6.99,5905
Conarium,14.99,2972
"See No Evil",0.79,2110
"Pool Nation FX Lite",0,777
Boid,0,1608
Morphopolis,2.89,3846
"Guilty Gear X2 #Reload",7.99,1950
"Super Mega Baseball: Extra Innings",15.49,1908
"Microsoft Flight Simulator X: Steam Edition",19.99,8859
Deathsmiles,14.99,1656
Rodina,11.39,2222
"Jet Gunner",0.79,2320
"The Forgotten Ones",0,903
GamersGoMakers,6.19,1812
"Rampage Knights",8.99,2301
"Euro Fishing",14.99,1792
"Oddworld: New 'n' Tasty",14.99,2020
"Mighty No. 9",15.99,1367
Silence,16.99,1044
"Randal's Monday",14.99,1911
"Blackguards 2",11.49,980
"Age of Conquest IV",0,2458
"Supreme Ruler Ultimate",14.99,2185
Polarity,10.29,3932
"Dig or Die",9.29,2777
"Trainz: A New Era",29.99,2493
"Raiden III Digital Edition",6.99,3400
eden*,14.99,3932
"Magic Duels",0,16599
sZone-Online,0,3205
"Battle of Empires : 1914-1918",5.99,2184
"QP Shooting - Dangerous!!",5.59,2094
"A Good Snowman Is Hard To Build",6.99,4334
"Toast Time",3.99,3304
"planetarian ~the reverie of a little planet~",6.99,2950
"Grim Fandango Remastered",10.99,4129
"Kings of Kung Fu",6.99,2976
"The Original Strife: Veteran Edition",6.99,1974
Republique,7.19,2619
"Airscape - The Fall of Gravity",1.59,2006
"Double Action: Boogaloo",0,9252
"Color Symphony",0,960
"Quantum Rush Champions",6.99,2093
"Cubic Castles",0,2981
"Beyond Gravity",1.59,2361
"Space Hulk: Ascension",22.99,508
Velocibox,4.59,1054
"Guild of Dungeoneering",10.99,1251
AXYOS,3.99,2142
"Doom & Destiny",6.99,3160
"Enforcer: Police Crime Action",14.99,2056
Convoy,9.99,1626
"Choice of the Deathless",3.99,2920
"Squishy the Suicidal Pig",4.79,5996
"Wings of Vi",10.99,2478
"The Flame in the Flood",14.99,3612
StarCrawlers,14.99,1263
"Chaos Reborn",6.99,745
Xeodrifterâ„¢,6.99,3312
"Time Mysteries 3: The Final Enigma",6.99,1862
"Disney Winnie the Pooh",4.79,2740
Chariot,10.99,2064
"Five Nights at Freddy's",3.99,15784
"The Collider",1.99,3260
"Reprisal Universe",4.99,3146
"Life is Strange - Episode 1",0,118634
"AX:EL - Air XenoDawn",0,741
"Trine 3: The Artifacts of Power",15.99,3619
"Moon Hunters",11.39,1458
"Absolute Drift",8.99,1673
"Deadlings: Rotten Edition",2.79,2925
"We Happy Few",44.99,3130
"Car Mechanic Simulator 2015",14.99,16476
Darkstone,3.99,2560
Cosmonautica,6.99,1006
"Coffin Dodgers",8.99,2040
"Season Match",2.79,3366
"Tokyo School Life",10.99,586
Toren,6.99,2121
"Wings! Remastered Edition",12.99,1785
"Melissa K. and the Heart of Gold Collector's Edition",7.99,998
Wickland,0.79,2210
UNLOVED,6.99,1602
"Dandelion - Wishes brought to you -",22.99,479
"Primal Carnage: Extinction",9.99,2898
Supraball,0,1710
"Command: Modern Air / Naval Operations WOTY",60.99,1696
"Sigils of Elohim",0,828
"Icewind Dale: Enhanced Edition",14.99,1420
"Cavern Kings",6.99,3192
"Rising Angels: Reborn",0,1896
Yury,1.59,1180
"Might & Magic Heroes VII",33.99,1438
20XX,10.99,2591
"Geometry Dash",2.79,52737
"SteamWorld Heist",10.99,2660
"Guns Gore & Cannoli",6.99,3300
"Gurumin: A Monstrous Adventure",6.99,2052
"The Repopulation",14.99,3165
"Don't Starve Together",10.99,108601
SUPERHOT,17.99,14847
"Vanishing Realmsâ„¢",15.49,4264
"Worlds Adrift",19.49,2621
"War the Game",4.99,1072
"Warhammer 40000: Regicide",7.19,2316
Tharsis,10.99,1397
Frostpunk,24.99,22952
Vagante,10.99,1662
"Grow Home",6.69,3855
"The Magic Circle",14.99,3144
"Raiden IV: OverKill",10.99,1570
"DRAGON BALL XENOVERSE",31.99,12601
"Oblivious Garden ~Carmina Burana",10.99,2616
"Jotun: Valhalla Edition",11.39,5325
"Decay: The Mare",3.99,2139
"Move or Die",10.99,8633
iO,3.99,2610
"Rising World",10.99,2557
"Bus Simulator 16",13.49,1415
Boundless,32.99,1153
"Halo: Spartan Strike",1.99,1584
"Impossible Creatures Steam Edition",8.99,2193
"To Be or Not To Be",3.99,2970
"Shadow Warrior 2",34.99,10152
TOXIKKâ„¢,0,3865
"Deep Dungeons of Doom",3.99,1760
"Notch - The Innocent LunA: Eclipsed SinnerS",6.99,1734
"Homebrew - Patent Unknown",13.99,591
Fire,7.99,1495
"Total War: ATTILA",29.99,12297
"Viking Squad",10.99,2430
"Shroud of the Avatar: Forsaken Virtues",0,3195
"Sinister City",0.79,1884
"Alchemy Mysteries: Prague Legends",1.59,775
"River City Super Sports Challenge ~All Stars Special~",14.99,2592
Windward,6.99,2203
"ShellShock Live",4.99,11426
"If My Heart Had Wings",10.99,2780
"Warhammer Quest",10.99,2064
FEIST,6.99,2436
"Gloria Victis",14.99,2646
"Out of Reach",10.99,6048
"Tilt Brush",14.99,796
"The Marvellous Miss Take",14.99,2350
"Sid Meier's Colonization (Classic)",4.99,2720
"A Bird Story",2.79,5987
"Hail to the King: Deathbat",4.79,1911
WASTED,9.99,1484
"Near Death",10.99,2775
CaesarIA,0,767
Salt,11.39,2468
"Sublevel Zero Redux",10.99,2060
"I am Bread",9.99,4088
"Reflex Arena",6.99,1224
"Rise to Ruins",6.99,2850
"Gunspell - Steam Edition",9.99,1350
"Leviathan: The Last Day of the Decade",10.99,924
"Potatoman Seeks the Troof",2.79,2786
"SanctuaryRPG: Black Edition",5.79,1218
"The Deer God",10.99,1981
"Devil May Cry 4 Special Edition",19.99,5036
"Gems of War - Puzzle RPG",0,3198
Reassembly,11.39,2258
"Stealth Inc 2: A Game of Clones",12.99,1300
"State of Decay: YOSE",22.99,3894
"Sonic Lost World",19.99,4000
"Phantom Breaker: Battle Grounds",8.99,2220
NAM,4.99,2448
"The Moon Sliver",1.59,2356
"Catlateral Damage",6.99,1716
"Pix the Cat",6.99,1434
"Warlocks vs Shadows",9.99,2450
"Grandia II Anniversary Edition",14.99,2122
"Celestial Command",7.99,1827
"Shark Attack Deathmatch 2",1.99,1101
"Tales from the Borderlands",11.99,14338
"Passing Pineview Forest",0,1100
"Grass Simulator",3.99,1964
"Heavy Metal Machines",0,3652
"Winged Sakura: Mindy's Arc",10.99,2394
"bit Dungeon II",2.79,1599
"Everlasting Summer",0,31230
Pinstripe,10.99,4292
"Executive Assault",10.29,1180
"One Piece Pirate Warriors 3",31.99,4456
"The Jackbox Party Pack",18.99,774
"AER Memories of Old",13.49,1473
"School of Dragons",0,1851
"Axiom Verge",14.99,3084
"LEGO Worlds",24.99,9013
"Phoenix Force",2.79,486
GRAV,14.99,3484
"Amazing Frog?",12.39,1514
"Mystik Belle",10.99,2982
"The Exiled",0,1944
"Five Nights at Freddy's 2",5.79,8032
"Dark Deception",0,961
"Forward to the Sky",5.59,4275
"ADOM (Ancient Domains Of Mystery)",10.99,1755
"Cossacks 3",14.99,4298
"NEKOPARA Vol. 1",6.99,16160
"Caves of Qud",11.39,2996
"Dirty Bomb",0,43743
"Medieval Engineers",12.99,3233
"AKIBA'S TRIP: Undead ï¼† Undressed",14.99,2112
"Down To One",0.79,1736
Fortified,10.99,1972
"Town of Salem",3.99,13329
"Out There: Î© Edition",10.99,1704
Zero-K,0,873
"Tormentum - Dark Sorrow",9.29,3648
Transformice,0,11701
"DARK SOULSâ„¢ II: Scholar of the First Sin",29.99,25959
Brick-Force,0,1702
"Star Traders: Frontiers",11.39,1298
LISA,6.99,7450
"Words for Evil",1.99,1280
Nanofights,1.69,1220
Unavowed,10.99,2428
Typoman,7.99,2051
"Outcast 1.1",4.79,2304
"Deus Ex: Mankind Divided",19.99,16023
"Sentinels of the Multiverse",6.99,1288
"Paint the Town Red",11.39,4752
"Finding Paradise",6.99,6578
"Nameless ~The one thing you must recall~",22.99,1908
"The SKIES",0,5118
"Marble Duel",3.99,2041
"Venetica - Gold Edition",6.99,2106
"Ratz Instagib",6.99,2140
Batla,0,3368
"The Technomancer",23.99,1232
"Navy Field 2 : Conqueror of the Ocean",0,1198
"Fork Parker's Holiday Profit Hike",0,1530
"Morningstar: Descent to Deadrock",6.99,1805
"Dead Synchronicity: Tomorrow Comes Today",7.99,1164
"Oceanhorn: Monster of Uncharted Seas",10.99,1214
ZOMBI,16.99,1066
Strife,0,3677
"Resident Evil 0 / biohazard 0 HD REMASTER",15.99,4392
"Choice of Robots",4.79,1719
"Runestone Keeper",6.99,1924
"VEGA Conflict",0,1471
"Freestyle 2: Street Basketball",0,5781
HuniePop,6.99,17761
Survivalist,3.99,1605
"Moorhuhn (Crazy Chicken)",1.59,2299
Basement,6.99,3078
"FINAL FANTASY TYPE-0â„¢ HD",19.99,1447
TIMEframe,4.79,1086
Quintet,0,1911
"Spartans Vs Zombies Defense",0,2624
Tallowmere,2.89,1162
"Armed with Wings: Rearmed",7.19,2466
"Sunrider Academy",6.99,2442
"Death Goat",1.99,1200
Razenroth,3.99,3420
"Mad Games Tycoon",10.99,3211
Pluck,6.99,0
"Greyfox RPG",1.59,1145
"Super Cyborg",3.99,1200
"Among Ripples",0,911
"Keep Talking and Nobody Explodes",10.99,5745
"TEMBO THE BADASS ELEPHANT",9.99,1300
Hatred,4.79,5473
Dispatcher,3.19,2215
"Arizona Sunshine",29.99,3164
"MechWarrior Onlineâ„¢ Solaris 7",0,8524
"Sakura Angels",6.99,1759
Gunscape,0,2460
"Airships: Conquer the Skies",11.39,2066
"12 Labours of Hercules",1.99,2391
HyperRogue,3.99,2472
"Pixel Privateers",10.99,1842
"Project: Gorgon",30.99,594
"Destination Sol",0,1038
Overture,3.99,1738
Particula,0.79,2688
"Crash Drive 2",3.99,1250
Kholat,14.99,2593
"InMind VR",0,921
Tacoma,14.99,2051
Voxelized,2.79,2342
"Pixel Puzzles 2: Birds",6.99,2655
"Man O' War: Corsair - Warhammer Naval Battles",22.99,1496
CRYPTARK,10.99,621
"Reign Of Kings",7.19,8076
"Big Pharma",18.99,1033
"Flame Over",8.99,2288
"Victor Vran ARPG",15.99,4194
"LIGHTNING RETURNSâ„¢: FINAL FANTASY XIII",12.99,2135
"The Fruit of Grisaia",29.99,1384
"Without Within",0,1778
"Shantae and the Pirate's Curse",14.99,1477
Besiege,6.99,25880
"ARK: Survival Evolved",44.99,145035
"Boring Man - Online Tactical Stickman Combat",0,3613
David.,1.59,2860
"The Old Tree",0,2788
"BrainBread 2",0,2334
"Hero of the Kingdom II",5.59,1409
"Plazma Being",1.59,1988
"GOCCO OF WAR",14.99,829
"Marble Age",4.79,906
"Chip's Challenge 1",1.69,2520
"AdVenture Capitalist",0,35093
"Shadowrun: Hong Kong - Extended Edition",14.99,2235
"Rise & Shine",10.99,1395
"Frankenstein: Master of Death",3.99,1467
"Terra Incognita ~ Chapter One: The Descendant",0.79,2034
"Karate Master 2 Knock Down Blow",7.99,1182
"Fairy Fencer F",15.49,3994
"Bloodbath Kavkaz",3.19,2087
"Nimble Writer",6.99,1992
"Gun Wings",2.79,1710
"Google Earth VR",0,1788
Bierzerkers,3.99,1310
"SAMURAI WARRIORS 4-II",39.99,757
"Autobahn Police Simulator",8.99,1384
"GUILTY GEAR XX ACCENT CORE PLUS R",10.99,658
"Voices from the Sea",0,1083
"Saint Seiya: Soldiers' Soul",39.99,1588
"NARUTO SHIPPUDEN: Ultimate Ninja STORM 4",24.99,17336
"The Black Watchmen",7.19,1956
"Audition Online",0,1502
"Environmental Station Alpha",5.59,1554
"Wolfenstein: The Old Blood",14.99,6627
"Sherlock Holmes: The Devil's Daughter",29.99,2299
"The Bug Butcher",5.59,1878
"Pixel Puzzles 2: Anime",6.99,601
"Streets of Fury EX",6.99,927
"Pixel Puzzles Ultimate",0,895
"Regency Solitaire",6.99,754
Niffelheim,14.99,725
"DRAGON: A Game About a Dragon",1.59,1850
SURVIVAL,5.79,3931
"Sometimes: Success Requires Sacrifice",0.79,840
"Age of Fear: The Undead King",14.99,1668
"Intergalactic Bubbles",0.79,909
"Eternal Senia",0,10106
"UnReal World",7.99,1632
"Hyperdimension Neptunia Re;Birth2: Sisters Generation",19.49,2323
"Invisible Apartment",0,2664
"Dev Guy",0,2778
"Valhalla Hills",11.49,894
"Crazy Machines 3",7.99,3158
"The Descendant",0,2071
"Tales of Zestiria",39.99,5300
"Riff Racer - Race Your Music!",6.99,1281
"LEGO Jurassic World",15.99,2558
"Dead Realm",10.99,3057
"The Silent Age",6.99,9400
"Urban Empire",22.99,1544
"Subspace Continuum",0,1556
"The Universim",22.99,3078
"Time of Dragons",0,2190
"Hyperdimension Neptunia Re:Birth3 V Generation",19.49,2590
"how do you Do It?",0,4496
"Stephen's Sausage Roll",22.99,1671
"Plug & Play",1.99,3065
"Train Valley",6.99,1617
"Five Nights at Freddy's 3",5.79,4917
Aberoth,0,1496
"Please Donâ€™t Touch Anything",3.99,4986
LoveBeat,0,674
"Assassinâ€™s Creed Chronicles: China",8.59,1547
"The Settlers Online",0,996
"Adventures of Bertram Fiddle: Episode 1: A Dreadly Business",4.99,1580
"Sky Force Anniversary",6.99,2044
MotoGPâ„¢15,14.99,1938
"Codename CURE",0,11470
"Styx: Shards of Darkness",34.99,1532
"Space Run Galaxy",14.99,1434
Survarium,0,9985
"Home is Where One Starts...",1.99,1695
"Dungeon Warfare",6.99,1980
"Beyond Eyes",9.99,683
"Commander Cool 2",1.99,926
"Middle-earthâ„¢: Shadow of Warâ„¢",34.99,19813
"Soccer Manager 2015",0,2936
Thumper,15.99,1950
"Death's Gambit",14.99,2114
"Spooky's Jump Scare Mansion",0,9030
UBERMOSH,0.79,1761
"ULTIMATE MARVEL VS. CAPCOM 3",19.99,2772
Snakebird,4.99,615
"Space Beast Terror Fright",10.99,2692
Cobalt,11.39,1653
"Inside My Radio",10.99,1412
"The District",0.79,2128
"D4: Dark Dreams Donâ€™t Die -Season One-",10.99,1312
"Curious Expedition",10.99,3432
"Sunrider: Liberation Day - Captain's Edition",18.99,3276
"Shower With Your Dad Simulator 2015: Do You Still Shower With Your Dad",0.79,8258
"Q.U.B.E. 2",19.99,1094
"Evoland 2",14.99,2887
"Elite Dangerous",19.99,26143
"Amnesiaâ„¢: Memories",15.49,1803
"Tom Clancy's Rainbow Six Siege",16.99,251178
"Copa Petrobras de Marcas",0,1086
"FINAL FANTASY X/X-2 HD Remaster",19.99,6334
"The Incredible Adventures of Van Helsing III",10.99,1548
"How To Survive: Third Person Standalone",6.99,3792
"How to Survive 2",10.99,5823
"Mafia III",34.99,13366
"Into the Stars",14.99,1616
"12 Labours of Hercules III: Girl Power",1.99,1458
"Cards and Castles",0,1844
Downwell,1.99,4486
Yooka-Laylee,34.99,2434
"The Mean Greens - Plastic Warfare",3.99,5043
"Heaven Forest NIGHTS",0.79,925
Turmoil,6.99,3154
"Mother Russia Bleeds",10.99,2562
ASTRONEER,23.79,28375
Cradle,9.99,940
404Sight,0,1181
"Tree of Life",14.99,4433
"Lakeview Cabin Collection",6.99,1802
Exanima,10.99,2804
"Software Inc.",10.59,2578
"Fran Bow",10.99,4896
"Black Mesa",14.99,14113
Tyranny,23.79,6121
"Toukiden: Kiwami",49.99,2202
"ROMANCE OF THE THREE KINGDOMS XIII",49.99,2183
"Mega Man Legacy Collection",11.99,3190
Spermination,1.99,1404
"Tea Party Simulator 2015â„¢",6.99,2360
"Battlefleet Gothic: Armada",24.99,6096
